INSERT INTO "layer" ("idlayer") VALUES (2);
INSERT INTO "entity" ("identity","layer") VALUES (4,2);
INSERT INTO "object" ("idobject","objtype","name") VALUES (4,1,'Точка3');
INSERT INTO "param" ("idparam","value") VALUES (0,-0.251311);
INSERT INTO "objparam" ("idobject","idparam") VALUES (4,0);
INSERT INTO "param" ("idparam","value") VALUES (1,0.240577);
INSERT INTO "objparam" ("idobject","idparam") VALUES (4,1);
INSERT INTO "entity" ("identity","layer") VALUES (5,2);
INSERT INTO "object" ("idobject", "objtype","name")  VALUES (5,3,'Окружность1');
INSERT INTO "param" ("idparam","value") VALUES (2,0.210451);
INSERT INTO "objparam" ("idobject","idparam") VALUES (5,2);
UPDATE "object" SET "idparent" = 5 WHERE "idobject" = 4;
INSERT INTO "entity" ("identity","layer") VALUES (6,2);
INSERT INTO "object" ("idobject","objtype","name") VALUES (6,1,'Точка4');
INSERT INTO "param" ("idparam","value") VALUES (3,0.633735);
INSERT INTO "objparam" ("idobject","idparam") VALUES (6,3);
INSERT INTO "param" ("idparam","value") VALUES (4,0.240577);
INSERT INTO "objparam" ("idobject","idparam") VALUES (6,4);
INSERT INTO "entity" ("identity","layer") VALUES (7,2);
INSERT INTO "object" ("idobject", "objtype","name")  VALUES (7,3,'Окружность2');
INSERT INTO "param" ("idparam","value") VALUES (5,0.210451);
INSERT INTO "objparam" ("idobject","idparam") VALUES (7,5);
UPDATE "object" SET "idparent" = 7 WHERE "idobject" = 6;
INSERT INTO "entity" ("identity","layer") VALUES (12,2);
INSERT INTO "object" ("idobject","objtype","name") VALUES (12,1,'Точка1');
INSERT INTO "param" ("idparam","value") VALUES (6,-0.251311);
INSERT INTO "objparam" ("idobject","idparam") VALUES (12,6);
INSERT INTO "param" ("idparam","value") VALUES (7,0.240577);
INSERT INTO "objparam" ("idobject","idparam") VALUES (12,7);
INSERT INTO "entity" ("identity","layer") VALUES (13,2);
INSERT INTO "object" ("idobject","objtype","name") VALUES (13,1,'Точка2');
INSERT INTO "param" ("idparam","value") VALUES (8,-0.251311);
INSERT INTO "objparam" ("idobject","idparam") VALUES (13,8);
INSERT INTO "param" ("idparam","value") VALUES (9,0.030126);
INSERT INTO "objparam" ("idobject","idparam") VALUES (13,9);
INSERT INTO "entity" ("identity","layer") VALUES (14,2);
INSERT INTO "object" ("idobject", "objtype","name")  VALUES (14,2,'Отрезок1');
UPDATE "object" SET "idparent" = 14 WHERE "idobject" = 13;
UPDATE "object" SET "idparent" = 14 WHERE "idobject" = 12;
INSERT INTO "entity" ("identity","layer") VALUES (18,2);
INSERT INTO "object" ("idobject","objtype","name") VALUES (18,1,'Точка3');
INSERT INTO "param" ("idparam","value") VALUES (10,0.633735);
INSERT INTO "objparam" ("idobject","idparam") VALUES (18,10);
INSERT INTO "param" ("idparam","value") VALUES (11,0.240577);
INSERT INTO "objparam" ("idobject","idparam") VALUES (18,11);
INSERT INTO "entity" ("identity","layer") VALUES (19,2);
INSERT INTO "object" ("idobject","objtype","name") VALUES (19,1,'Точка4');
INSERT INTO "param" ("idparam","value") VALUES (12,0.633735);
INSERT INTO "objparam" ("idobject","idparam") VALUES (19,12);
INSERT INTO "param" ("idparam","value") VALUES (13,0.030126);
INSERT INTO "objparam" ("idobject","idparam") VALUES (19,13);
INSERT INTO "entity" ("identity","layer") VALUES (20,2);
INSERT INTO "object" ("idobject", "objtype","name")  VALUES (20,2,'Отрезок2');
UPDATE "object" SET "idparent" = 20 WHERE "idobject" = 19;
UPDATE "object" SET "idparent" = 20 WHERE "idobject" = 18;
INSERT INTO "entity" ("identity","layer") VALUES (24,2);
INSERT INTO "object" ("idobject","objtype","name") VALUES (24,1,'Точка5');
INSERT INTO "param" ("idparam","value") VALUES (14,-0.0918349);
INSERT INTO "objparam" ("idobject","idparam") VALUES (24,14);
INSERT INTO "param" ("idparam","value") VALUES (15,0.612978);
INSERT INTO "objparam" ("idobject","idparam") VALUES (24,15);
INSERT INTO "entity" ("identity","layer") VALUES (25,2);
INSERT INTO "object" ("idobject","objtype","name") VALUES (25,1,'Точка6');
INSERT INTO "param" ("idparam","value") VALUES (16,-0.151055);
INSERT INTO "objparam" ("idobject","idparam") VALUES (25,16);
INSERT INTO "param" ("idparam","value") VALUES (17,0.465623);
INSERT INTO "objparam" ("idobject","idparam") VALUES (25,17);
INSERT INTO "entity" ("identity","layer") VALUES (26,2);
INSERT INTO "object" ("idobject", "objtype","name")  VALUES (26,2,'Отрезок3');
UPDATE "object" SET "idparent" = 26 WHERE "idobject" = 25;
UPDATE "object" SET "idparent" = 26 WHERE "idobject" = 24;
INSERT INTO "entity" ("identity","layer") VALUES (27,2);
INSERT INTO "object" ("idobject","objtype","name") VALUES (27,1,'Точка7');
INSERT INTO "param" ("idparam","value") VALUES (18,-0.151055);
INSERT INTO "objparam" ("idobject","idparam") VALUES (27,18);
INSERT INTO "param" ("idparam","value") VALUES (19,0.465623);
INSERT INTO "objparam" ("idobject","idparam") VALUES (27,19);
INSERT INTO "entity" ("identity","layer") VALUES (28,2);
INSERT INTO "object" ("idobject","objtype","name") VALUES (28,1,'Точка8');
INSERT INTO "param" ("idparam","value") VALUES (20,-0.125002);
INSERT INTO "objparam" ("idobject","idparam") VALUES (28,20);
INSERT INTO "param" ("idparam","value") VALUES (21,0.455152);
INSERT INTO "objparam" ("idobject","idparam") VALUES (28,21);
INSERT INTO "entity" ("identity","layer") VALUES (29,2);
INSERT INTO "object" ("idobject", "objtype","name")  VALUES (29,2,'Отрезок4');
UPDATE "object" SET "idparent" = 29 WHERE "idobject" = 28;
UPDATE "object" SET "idparent" = 29 WHERE "idobject" = 27;
INSERT INTO "entity" ("identity","layer") VALUES (31,2);
INSERT INTO "object" ("idobject","objtype","name") VALUES (31,1,'Точка9');
INSERT INTO "param" ("idparam","value") VALUES (22,-0.125002);
INSERT INTO "objparam" ("idobject","idparam") VALUES (31,22);
INSERT INTO "param" ("idparam","value") VALUES (23,0.455152);
INSERT INTO "objparam" ("idobject","idparam") VALUES (31,23);
INSERT INTO "entity" ("identity","layer") VALUES (32,2);
INSERT INTO "object" ("idobject","objtype","name") VALUES (32,1,'Точка10');
INSERT INTO "param" ("idparam","value") VALUES (24,-0.0657817);
INSERT INTO "objparam" ("idobject","idparam") VALUES (32,24);
INSERT INTO "param" ("idparam","value") VALUES (25,0.602508);
INSERT INTO "objparam" ("idobject","idparam") VALUES (32,25);
INSERT INTO "entity" ("identity","layer") VALUES (33,2);
INSERT INTO "object" ("idobject", "objtype","name")  VALUES (33,2,'Отрезок5');
UPDATE "object" SET "idparent" = 33 WHERE "idobject" = 32;
UPDATE "object" SET "idparent" = 33 WHERE "idobject" = 31;
INSERT INTO "entity" ("identity","layer") VALUES (35,2);
INSERT INTO "object" ("idobject","objtype","name") VALUES (35,1,'Точка11');
INSERT INTO "param" ("idparam","value") VALUES (26,-0.0657817);
INSERT INTO "objparam" ("idobject","idparam") VALUES (35,26);
INSERT INTO "param" ("idparam","value") VALUES (27,0.602508);
INSERT INTO "objparam" ("idobject","idparam") VALUES (35,27);
INSERT INTO "layer" ("idlayer") VALUES (3);
INSERT INTO "entity" ("identity","layer") VALUES (36,3);
INSERT INTO "object" ("idobject","objtype","name") VALUES (36,1,'Точка12');
INSERT INTO "param" ("idparam","value") VALUES (28,-0.0918349);
INSERT INTO "objparam" ("idobject","idparam") VALUES (36,28);
INSERT INTO "param" ("idparam","value") VALUES (29,0.612978);
INSERT INTO "objparam" ("idobject","idparam") VALUES (36,29);
INSERT INTO "entity" ("identity","layer") VALUES (37,3);
INSERT INTO "object" ("idobject", "objtype","name")  VALUES (37,2,'Отрезок6');
UPDATE "object" SET "idparent" = 37 WHERE "idobject" = 36;
UPDATE "object" SET "idparent" = 37 WHERE "idobject" = 35;
INSERT INTO "entity" ("identity","layer") VALUES (50,3);
INSERT INTO "object" ("idobject","objtype","name") VALUES (50,1,'Точка15');
INSERT INTO "param" ("idparam","value") VALUES (30,-0.0898681);
INSERT INTO "objparam" ("idobject","idparam") VALUES (50,30);
INSERT INTO "param" ("idparam","value") VALUES (31,0.580223);
INSERT INTO "objparam" ("idobject","idparam") VALUES (50,31);
INSERT INTO "entity" ("identity","layer") VALUES (51,3);
INSERT INTO "object" ("idobject","objtype","name") VALUES (51,1,'Точка16');
INSERT INTO "param" ("idparam","value") VALUES (32,0.326013);
INSERT INTO "objparam" ("idobject","idparam") VALUES (51,32);
INSERT INTO "param" ("idparam","value") VALUES (33,0.398133);
INSERT INTO "objparam" ("idobject","idparam") VALUES (51,33);
INSERT INTO "entity" ("identity","layer") VALUES (52,3);
INSERT INTO "object" ("idobject", "objtype","name")  VALUES (52,2,'Отрезок8');
UPDATE "object" SET "idparent" = 52 WHERE "idobject" = 51;
UPDATE "object" SET "idparent" = 52 WHERE "idobject" = 50;
INSERT INTO "entity" ("identity","layer") VALUES (54,3);
INSERT INTO "object" ("idobject","objtype","name") VALUES (54,1,'Точка17');
INSERT INTO "param" ("idparam","value") VALUES (34,0.326013);
INSERT INTO "objparam" ("idobject","idparam") VALUES (54,34);
INSERT INTO "param" ("idparam","value") VALUES (35,0.398133);
INSERT INTO "objparam" ("idobject","idparam") VALUES (54,35);
INSERT INTO "entity" ("identity","layer") VALUES (55,3);
INSERT INTO "object" ("idobject","objtype","name") VALUES (55,1,'Точка18');
INSERT INTO "param" ("idparam","value") VALUES (36,0.269028);
INSERT INTO "objparam" ("idobject","idparam") VALUES (55,36);
INSERT INTO "param" ("idparam","value") VALUES (37,0.208199);
INSERT INTO "objparam" ("idobject","idparam") VALUES (55,37);
INSERT INTO "entity" ("identity","layer") VALUES (56,3);
INSERT INTO "object" ("idobject", "objtype","name")  VALUES (56,2,'Отрезок9');
UPDATE "object" SET "idparent" = 56 WHERE "idobject" = 55;
UPDATE "object" SET "idparent" = 56 WHERE "idobject" = 54;
INSERT INTO "entity" ("identity","layer") VALUES (58,3);
INSERT INTO "object" ("idobject","objtype","name") VALUES (58,1,'Точка19');
INSERT INTO "param" ("idparam","value") VALUES (38,0.269028);
INSERT INTO "objparam" ("idobject","idparam") VALUES (58,38);
INSERT INTO "param" ("idparam","value") VALUES (39,0.208199);
INSERT INTO "objparam" ("idobject","idparam") VALUES (58,39);
INSERT INTO "entity" ("identity","layer") VALUES (59,3);
INSERT INTO "object" ("idobject","objtype","name") VALUES (59,1,'Точка20');
INSERT INTO "param" ("idparam","value") VALUES (40,-0.126462);
INSERT INTO "objparam" ("idobject","idparam") VALUES (59,40);
INSERT INTO "param" ("idparam","value") VALUES (41,0.489167);
INSERT INTO "objparam" ("idobject","idparam") VALUES (59,41);
INSERT INTO "entity" ("identity","layer") VALUES (60,3);
INSERT INTO "object" ("idobject", "objtype","name")  VALUES (60,2,'Отрезок10');
UPDATE "object" SET "idparent" = 60 WHERE "idobject" = 59;
UPDATE "object" SET "idparent" = 60 WHERE "idobject" = 58;
INSERT INTO "entity" ("identity","layer") VALUES (63,3);
INSERT INTO "object" ("idobject","objtype","name") VALUES (63,1,'Точка21');
INSERT INTO "param" ("idparam","value") VALUES (42,0.326013);
INSERT INTO "objparam" ("idobject","idparam") VALUES (63,42);
INSERT INTO "param" ("idparam","value") VALUES (43,0.398133);
INSERT INTO "objparam" ("idobject","idparam") VALUES (63,43);
INSERT INTO "entity" ("identity","layer") VALUES (64,3);
INSERT INTO "object" ("idobject","objtype","name") VALUES (64,1,'Точка22');
INSERT INTO "param" ("idparam","value") VALUES (44,0.633735);
INSERT INTO "objparam" ("idobject","idparam") VALUES (64,44);
INSERT INTO "param" ("idparam","value") VALUES (45,0.240577);
INSERT INTO "objparam" ("idobject","idparam") VALUES (64,45);
INSERT INTO "entity" ("identity","layer") VALUES (65,3);
INSERT INTO "object" ("idobject", "objtype","name")  VALUES (65,2,'Отрезок11');
UPDATE "object" SET "idparent" = 65 WHERE "idobject" = 64;
UPDATE "object" SET "idparent" = 65 WHERE "idobject" = 63;
INSERT INTO "entity" ("identity","layer") VALUES (68,3);
INSERT INTO "object" ("idobject","objtype","name") VALUES (68,1,'Точка23');
INSERT INTO "param" ("idparam","value") VALUES (46,0.633735);
INSERT INTO "objparam" ("idobject","idparam") VALUES (68,46);
INSERT INTO "param" ("idparam","value") VALUES (47,0.240577);
INSERT INTO "objparam" ("idobject","idparam") VALUES (68,47);
INSERT INTO "entity" ("identity","layer") VALUES (69,3);
INSERT INTO "object" ("idobject","objtype","name") VALUES (69,1,'Точка24');
INSERT INTO "param" ("idparam","value") VALUES (48,0.269028);
INSERT INTO "objparam" ("idobject","idparam") VALUES (69,48);
INSERT INTO "param" ("idparam","value") VALUES (49,0.208199);
INSERT INTO "objparam" ("idobject","idparam") VALUES (69,49);
INSERT INTO "entity" ("identity","layer") VALUES (70,3);
INSERT INTO "object" ("idobject", "objtype","name")  VALUES (70,2,'Отрезок12');
UPDATE "object" SET "idparent" = 70 WHERE "idobject" = 69;
UPDATE "object" SET "idparent" = 70 WHERE "idobject" = 68;
INSERT INTO "entity" ("identity","layer") VALUES (73,3);
INSERT INTO "object" ("idobject","objtype","name") VALUES (73,1,'Точка25');
INSERT INTO "param" ("idparam","value") VALUES (50,0.269028);
INSERT INTO "objparam" ("idobject","idparam") VALUES (73,50);
INSERT INTO "param" ("idparam","value") VALUES (51,0.208199);
INSERT INTO "objparam" ("idobject","idparam") VALUES (73,51);
INSERT INTO "entity" ("identity","layer") VALUES (74,3);
INSERT INTO "object" ("idobject", "objtype","name")  VALUES (74,3,'Окружность1');
INSERT INTO "param" ("idparam","value") VALUES (52,0.0155836);
INSERT INTO "objparam" ("idobject","idparam") VALUES (74,52);
UPDATE "object" SET "idparent" = 74 WHERE "idobject" = 73;
INSERT INTO "entity" ("identity","layer") VALUES (76,3);
INSERT INTO "object" ("idobject","objtype","name") VALUES (76,1,'Точка26');
INSERT INTO "param" ("idparam","value") VALUES (53,-0.0788083);
INSERT INTO "objparam" ("idobject","idparam") VALUES (76,53);
INSERT INTO "param" ("idparam","value") VALUES (54,0.607743);
INSERT INTO "objparam" ("idobject","idparam") VALUES (76,54);
INSERT INTO "layer" ("idlayer") VALUES (4);
INSERT INTO "entity" ("identity","layer") VALUES (77,4);
INSERT INTO "object" ("idobject","objtype","name") VALUES (77,1,'Точка27');
INSERT INTO "param" ("idparam","value") VALUES (55,-0.310945);
INSERT INTO "objparam" ("idobject","idparam") VALUES (77,55);
INSERT INTO "param" ("idparam","value") VALUES (56,0.030126);
INSERT INTO "objparam" ("idobject","idparam") VALUES (77,56);
INSERT INTO "entity" ("identity","layer") VALUES (78,4);
INSERT INTO "object" ("idobject", "objtype","name")  VALUES (78,2,'Отрезок13');
UPDATE "object" SET "idparent" = 78 WHERE "idobject" = 77;
UPDATE "object" SET "idparent" = 78 WHERE "idobject" = 76;
INSERT INTO "entity" ("identity","layer") VALUES (85,4);
INSERT INTO "object" ("idobject","objtype","name") VALUES (85,1,'Точка1');
INSERT INTO "param" ("idparam","value") VALUES (57,-0.0671989);
INSERT INTO "objparam" ("idobject","idparam") VALUES (85,57);
INSERT INTO "param" ("idparam","value") VALUES (58,0.63663);
INSERT INTO "objparam" ("idobject","idparam") VALUES (85,58);
INSERT INTO "entity" ("identity","layer") VALUES (86,4);
INSERT INTO "object" ("idobject","objtype","name") VALUES (86,1,'Точка2');
INSERT INTO "param" ("idparam","value") VALUES (59,-0.160785);
INSERT INTO "objparam" ("idobject","idparam") VALUES (86,59);
INSERT INTO "param" ("idparam","value") VALUES (60,0.650535);
INSERT INTO "objparam" ("idobject","idparam") VALUES (86,60);
INSERT INTO "entity" ("identity","layer") VALUES (87,4);
INSERT INTO "object" ("idobject", "objtype","name")  VALUES (87,2,'Отрезок1');
UPDATE "object" SET "idparent" = 87 WHERE "idobject" = 86;
UPDATE "object" SET "idparent" = 87 WHERE "idobject" = 85;
INSERT INTO "entity" ("identity","layer") VALUES (96,4);
INSERT INTO "object" ("idobject","objtype","name") VALUES (96,1,'Точка6');
INSERT INTO "param" ("idparam","value") VALUES (61,-0.161738);
INSERT INTO "objparam" ("idobject","idparam") VALUES (96,61);
INSERT INTO "param" ("idparam","value") VALUES (62,0.63862);
INSERT INTO "objparam" ("idobject","idparam") VALUES (96,62);
INSERT INTO "entity" ("identity","layer") VALUES (97,4);
INSERT INTO "object" ("idobject","objtype","name") VALUES (97,1,'Точка7');
INSERT INTO "param" ("idparam","value") VALUES (63,-0.160785);
INSERT INTO "objparam" ("idobject","idparam") VALUES (97,63);
INSERT INTO "param" ("idparam","value") VALUES (64,0.650535);
INSERT INTO "objparam" ("idobject","idparam") VALUES (97,64);
INSERT INTO "entity" ("identity","layer") VALUES (98,4);
INSERT INTO "object" ("idobject","objtype","name") VALUES (98,1,'Точка8');
INSERT INTO "param" ("idparam","value") VALUES (65,-0.163043);
INSERT INTO "objparam" ("idobject","idparam") VALUES (98,65);
INSERT INTO "param" ("idparam","value") VALUES (66,0.626738);
INSERT INTO "objparam" ("idobject","idparam") VALUES (98,66);
INSERT INTO "entity" ("identity","layer") VALUES (99,4);
INSERT INTO "object" ("idobject", "objtype","name")  VALUES (99,4,'Дуга2');
UPDATE "object" SET "idparent" = 99 WHERE "idobject" = 98;
UPDATE "object" SET "idparent" = 99 WHERE "idobject" = 97;
UPDATE "object" SET "idparent" = 99 WHERE "idobject" = 96;
INSERT INTO "entity" ("identity","layer") VALUES (102,4);
INSERT INTO "object" ("idobject","objtype","name") VALUES (102,1,'Точка9');
INSERT INTO "param" ("idparam","value") VALUES (67,-0.548464);
INSERT INTO "objparam" ("idobject","idparam") VALUES (102,67);
INSERT INTO "param" ("idparam","value") VALUES (68,0.030126);
INSERT INTO "objparam" ("idobject","idparam") VALUES (102,68);
INSERT INTO "entity" ("identity","layer") VALUES (103,4);
INSERT INTO "object" ("idobject","objtype","name") VALUES (103,1,'Точка10');
INSERT INTO "param" ("idparam","value") VALUES (69,0.813037);
INSERT INTO "objparam" ("idobject","idparam") VALUES (103,69);
INSERT INTO "param" ("idparam","value") VALUES (70,0.030126);
INSERT INTO "objparam" ("idobject","idparam") VALUES (103,70);
INSERT INTO "entity" ("identity","layer") VALUES (104,4);
INSERT INTO "object" ("idobject", "objtype","name")  VALUES (104,2,'Отрезок2');
UPDATE "object" SET "idparent" = 104 WHERE "idobject" = 103;
UPDATE "object" SET "idparent" = 104 WHERE "idobject" = 102;
INSERT INTO "entity" ("identity","layer") VALUES (112,4);
INSERT INTO "object" ("idobject","objtype","name") VALUES (112,1,'Точка11');
INSERT INTO "param" ("idparam","value") VALUES (71,0.269028);
INSERT INTO "objparam" ("idobject","idparam") VALUES (112,71);
INSERT INTO "param" ("idparam","value") VALUES (72,0.208199);
INSERT INTO "objparam" ("idobject","idparam") VALUES (112,72);
INSERT INTO "entity" ("identity","layer") VALUES (113,4);
INSERT INTO "object" ("idobject", "objtype","name")  VALUES (113,3,'Окружность1');
INSERT INTO "param" ("idparam","value") VALUES (73,0.0466138);
INSERT INTO "objparam" ("idobject","idparam") VALUES (113,73);
UPDATE "object" SET "idparent" = 113 WHERE "idobject" = 112;
INSERT INTO "entity" ("identity","layer") VALUES (115,4);
INSERT INTO "object" ("idobject","objtype","name") VALUES (115,1,'Точка12');
INSERT INTO "param" ("idparam","value") VALUES (74,-0.251311);
INSERT INTO "objparam" ("idobject","idparam") VALUES (115,74);
INSERT INTO "param" ("idparam","value") VALUES (75,0.240577);
INSERT INTO "objparam" ("idobject","idparam") VALUES (115,75);
INSERT INTO "entity" ("identity","layer") VALUES (116,4);
INSERT INTO "object" ("idobject", "objtype","name")  VALUES (116,3,'Окружность2');
INSERT INTO "param" ("idparam","value") VALUES (76,0.176687);
INSERT INTO "objparam" ("idobject","idparam") VALUES (116,76);
UPDATE "object" SET "idparent" = 116 WHERE "idobject" = 115;
INSERT INTO "entity" ("identity","layer") VALUES (118,4);
INSERT INTO "object" ("idobject","objtype","name") VALUES (118,1,'Точка13');
INSERT INTO "param" ("idparam","value") VALUES (77,0.633735);
INSERT INTO "objparam" ("idobject","idparam") VALUES (118,77);
INSERT INTO "param" ("idparam","value") VALUES (78,0.240577);
INSERT INTO "objparam" ("idobject","idparam") VALUES (118,78);
INSERT INTO "entity" ("identity","layer") VALUES (119,4);
INSERT INTO "object" ("idobject", "objtype","name")  VALUES (119,3,'Окружность3');
INSERT INTO "param" ("idparam","value") VALUES (79,0.176687);
INSERT INTO "objparam" ("idobject","idparam") VALUES (119,79);
UPDATE "object" SET "idparent" = 119 WHERE "idobject" = 118;
INSERT INTO "entity" ("identity","layer") VALUES (122,4);
INSERT INTO "object" ("idobject","objtype","name") VALUES (122,1,'Точка1');
INSERT INTO "param" ("idparam","value") VALUES (80,-0.154217);
INSERT INTO "objparam" ("idobject","idparam") VALUES (122,80);
INSERT INTO "param" ("idparam","value") VALUES (81,0.456475);
INSERT INTO "objparam" ("idobject","idparam") VALUES (122,81);
INSERT INTO "entity" ("identity","layer") VALUES (123,4);
INSERT INTO "object" ("idobject","objtype","name") VALUES (123,1,'Точка2');
INSERT INTO "param" ("idparam","value") VALUES (82,-0.255013);
INSERT INTO "objparam" ("idobject","idparam") VALUES (123,82);
INSERT INTO "param" ("idparam","value") VALUES (83,0.242473);
INSERT INTO "objparam" ("idobject","idparam") VALUES (123,83);
INSERT INTO "layer" ("idlayer") VALUES (5);
INSERT INTO "entity" ("identity","layer") VALUES (124,5);
INSERT INTO "object" ("idobject", "objtype","name")  VALUES (124,2,'Отрезок1');
UPDATE "object" SET "idparent" = 124 WHERE "idobject" = 123;
UPDATE "object" SET "idparent" = 124 WHERE "idobject" = 122;
INSERT INTO "entity" ("identity","layer") VALUES (125,5);
INSERT INTO "object" ("idobject","objtype","name") VALUES (125,1,'Точка3');
INSERT INTO "param" ("idparam","value") VALUES (84,-0.130958);
INSERT INTO "objparam" ("idobject","idparam") VALUES (125,84);
INSERT INTO "param" ("idparam","value") VALUES (85,0.446454);
INSERT INTO "objparam" ("idobject","idparam") VALUES (125,85);
INSERT INTO "entity" ("identity","layer") VALUES (126,5);
INSERT INTO "object" ("idobject","objtype","name") VALUES (126,1,'Точка4');
INSERT INTO "param" ("idparam","value") VALUES (86,-0.247618);
INSERT INTO "objparam" ("idobject","idparam") VALUES (126,86);
INSERT INTO "param" ("idparam","value") VALUES (87,0.238663);
INSERT INTO "objparam" ("idobject","idparam") VALUES (126,87);
INSERT INTO "entity" ("identity","layer") VALUES (127,5);
INSERT INTO "object" ("idobject", "objtype","name")  VALUES (127,2,'Отрезок2');
UPDATE "object" SET "idparent" = 127 WHERE "idobject" = 126;
UPDATE "object" SET "idparent" = 127 WHERE "idobject" = 125;
INSERT INTO "entity" ("identity","layer") VALUES (133,5);
INSERT INTO "object" ("idobject","objtype","name") VALUES (133,1,'Точка7');
INSERT INTO "param" ("idparam","value") VALUES (88,-0.251311);
INSERT INTO "objparam" ("idobject","idparam") VALUES (133,88);
INSERT INTO "param" ("idparam","value") VALUES (89,0.240577);
INSERT INTO "objparam" ("idobject","idparam") VALUES (133,89);
INSERT INTO "entity" ("identity","layer") VALUES (134,5);
INSERT INTO "object" ("idobject","objtype","name") VALUES (134,1,'Точка8');
INSERT INTO "param" ("idparam","value") VALUES (90,-0.255013);
INSERT INTO "objparam" ("idobject","idparam") VALUES (134,90);
INSERT INTO "param" ("idparam","value") VALUES (91,0.242473);
INSERT INTO "objparam" ("idobject","idparam") VALUES (134,91);
INSERT INTO "entity" ("identity","layer") VALUES (135,5);
INSERT INTO "object" ("idobject","objtype","name") VALUES (135,1,'Точка9');
INSERT INTO "param" ("idparam","value") VALUES (92,-0.247618);
INSERT INTO "objparam" ("idobject","idparam") VALUES (135,92);
INSERT INTO "param" ("idparam","value") VALUES (93,0.238663);
INSERT INTO "objparam" ("idobject","idparam") VALUES (135,93);
INSERT INTO "entity" ("identity","layer") VALUES (136,5);
INSERT INTO "object" ("idobject", "objtype","name")  VALUES (136,4,'Дуга1');
UPDATE "object" SET "idparent" = 136 WHERE "idobject" = 135;
UPDATE "object" SET "idparent" = 136 WHERE "idobject" = 134;
UPDATE "object" SET "idparent" = 136 WHERE "idobject" = 133;
INSERT INTO "entity" ("identity","layer") VALUES (143,5);
INSERT INTO "object" ("idobject","objtype","name") VALUES (143,1,'Точка10');
INSERT INTO "param" ("idparam","value") VALUES (94,-0.145068);
INSERT INTO "objparam" ("idobject","idparam") VALUES (143,94);
INSERT INTO "param" ("idparam","value") VALUES (95,0.445707);
INSERT INTO "objparam" ("idobject","idparam") VALUES (143,95);
INSERT INTO "entity" ("identity","layer") VALUES (144,5);
INSERT INTO "object" ("idobject","objtype","name") VALUES (144,1,'Точка11');
INSERT INTO "param" ("idparam","value") VALUES (96,-0.130958);
INSERT INTO "objparam" ("idobject","idparam") VALUES (144,96);
INSERT INTO "param" ("idparam","value") VALUES (97,0.446454);
INSERT INTO "objparam" ("idobject","idparam") VALUES (144,97);
INSERT INTO "entity" ("identity","layer") VALUES (145,5);
INSERT INTO "object" ("idobject","objtype","name") VALUES (145,1,'Точка12');
INSERT INTO "param" ("idparam","value") VALUES (98,-0.154217);
INSERT INTO "objparam" ("idobject","idparam") VALUES (145,98);
INSERT INTO "param" ("idparam","value") VALUES (99,0.456475);
INSERT INTO "objparam" ("idobject","idparam") VALUES (145,99);
INSERT INTO "entity" ("identity","layer") VALUES (146,5);
INSERT INTO "object" ("idobject", "objtype","name")  VALUES (146,4,'Дуга2');
UPDATE "object" SET "idparent" = 146 WHERE "idobject" = 145;
UPDATE "object" SET "idparent" = 146 WHERE "idobject" = 144;
UPDATE "object" SET "idparent" = 146 WHERE "idobject" = 143;
INSERT INTO "entity" ("identity","layer") VALUES (150,5);
INSERT INTO "object" ("idobject","objtype","name") VALUES (150,1,'Точка13');
INSERT INTO "param" ("idparam","value") VALUES (100,-0.152454);
INSERT INTO "objparam" ("idobject","idparam") VALUES (150,100);
INSERT INTO "param" ("idparam","value") VALUES (101,0.463995);
INSERT INTO "objparam" ("idobject","idparam") VALUES (150,101);
INSERT INTO "entity" ("identity","layer") VALUES (151,5);
INSERT INTO "object" ("idobject","objtype","name") VALUES (151,1,'Точка14');
INSERT INTO "param" ("idparam","value") VALUES (102,-0.126385);
INSERT INTO "objparam" ("idobject","idparam") VALUES (151,102);
INSERT INTO "param" ("idparam","value") VALUES (103,0.453518);
INSERT INTO "objparam" ("idobject","idparam") VALUES (151,103);
INSERT INTO "entity" ("identity","layer") VALUES (152,5);
INSERT INTO "object" ("idobject", "objtype","name")  VALUES (152,2,'Отрезок4');
UPDATE "object" SET "idparent" = 152 WHERE "idobject" = 151;
UPDATE "object" SET "idparent" = 152 WHERE "idobject" = 150;
INSERT INTO "entity" ("identity","layer") VALUES (153,5);
INSERT INTO "object" ("idobject","objtype","name") VALUES (153,1,'Точка15');
INSERT INTO "param" ("idparam","value") VALUES (104,-0.126385);
INSERT INTO "objparam" ("idobject","idparam") VALUES (153,104);
INSERT INTO "param" ("idparam","value") VALUES (105,0.453518);
INSERT INTO "objparam" ("idobject","idparam") VALUES (153,105);
INSERT INTO "entity" ("identity","layer") VALUES (154,5);
INSERT INTO "object" ("idobject","objtype","name") VALUES (154,1,'Точка16');
INSERT INTO "param" ("idparam","value") VALUES (106,-0.134616);
INSERT INTO "objparam" ("idobject","idparam") VALUES (154,106);
INSERT INTO "param" ("idparam","value") VALUES (107,0.433036);
INSERT INTO "objparam" ("idobject","idparam") VALUES (154,107);
INSERT INTO "entity" ("identity","layer") VALUES (155,5);
INSERT INTO "object" ("idobject", "objtype","name")  VALUES (155,2,'Отрезок5');
UPDATE "object" SET "idparent" = 155 WHERE "idobject" = 154;
UPDATE "object" SET "idparent" = 155 WHERE "idobject" = 153;
INSERT INTO "entity" ("identity","layer") VALUES (158,5);
INSERT INTO "object" ("idobject","objtype","name") VALUES (158,1,'Точка17');
INSERT INTO "param" ("idparam","value") VALUES (108,-0.134616);
INSERT INTO "objparam" ("idobject","idparam") VALUES (158,108);
INSERT INTO "param" ("idparam","value") VALUES (109,0.433036);
INSERT INTO "objparam" ("idobject","idparam") VALUES (158,109);
INSERT INTO "entity" ("identity","layer") VALUES (159,5);
INSERT INTO "object" ("idobject","objtype","name") VALUES (159,1,'Точка18');
INSERT INTO "param" ("idparam","value") VALUES (110,-0.160686);
INSERT INTO "objparam" ("idobject","idparam") VALUES (159,110);
INSERT INTO "param" ("idparam","value") VALUES (111,0.443513);
INSERT INTO "objparam" ("idobject","idparam") VALUES (159,111);
INSERT INTO "layer" ("idlayer") VALUES (6);
INSERT INTO "entity" ("identity","layer") VALUES (160,6);
INSERT INTO "object" ("idobject", "objtype","name")  VALUES (160,2,'Отрезок6');
UPDATE "object" SET "idparent" = 160 WHERE "idobject" = 159;
UPDATE "object" SET "idparent" = 160 WHERE "idobject" = 158;
INSERT INTO "entity" ("identity","layer") VALUES (163,6);
INSERT INTO "object" ("idobject","objtype","name") VALUES (163,1,'Точка19');
INSERT INTO "param" ("idparam","value") VALUES (112,-0.160686);
INSERT INTO "objparam" ("idobject","idparam") VALUES (163,112);
INSERT INTO "param" ("idparam","value") VALUES (113,0.443513);
INSERT INTO "objparam" ("idobject","idparam") VALUES (163,113);
INSERT INTO "entity" ("identity","layer") VALUES (164,6);
INSERT INTO "object" ("idobject","objtype","name") VALUES (164,1,'Точка20');
INSERT INTO "param" ("idparam","value") VALUES (114,-0.152454);
INSERT INTO "objparam" ("idobject","idparam") VALUES (164,114);
INSERT INTO "param" ("idparam","value") VALUES (115,0.463995);
INSERT INTO "objparam" ("idobject","idparam") VALUES (164,115);
INSERT INTO "entity" ("identity","layer") VALUES (165,6);
INSERT INTO "object" ("idobject", "objtype","name")  VALUES (165,2,'Отрезок7');
UPDATE "object" SET "idparent" = 165 WHERE "idobject" = 164;
UPDATE "object" SET "idparent" = 165 WHERE "idobject" = 163;
INSERT INTO "entity" ("identity","layer") VALUES (170,6);
INSERT INTO "object" ("idobject","objtype","name") VALUES (170,1,'Точка21');
INSERT INTO "param" ("idparam","value") VALUES (116,-0.251311);
INSERT INTO "objparam" ("idobject","idparam") VALUES (170,116);
INSERT INTO "param" ("idparam","value") VALUES (117,0.240577);
INSERT INTO "objparam" ("idobject","idparam") VALUES (170,117);
INSERT INTO "entity" ("identity","layer") VALUES (171,6);
INSERT INTO "object" ("idobject", "objtype","name")  VALUES (171,3,'Окружность1');
INSERT INTO "param" ("idparam","value") VALUES (118,0.00276184);
INSERT INTO "objparam" ("idobject","idparam") VALUES (171,118);
UPDATE "object" SET "idparent" = 171 WHERE "idobject" = 170;
INSERT INTO "entity" ("identity","layer") VALUES (176,6);
INSERT INTO "object" ("idobject","objtype","name") VALUES (176,1,'Точка24');
INSERT INTO "param" ("idparam","value") VALUES (119,0.281561);
INSERT INTO "objparam" ("idobject","idparam") VALUES (176,119);
INSERT INTO "param" ("idparam","value") VALUES (120,0.21746);
INSERT INTO "objparam" ("idobject","idparam") VALUES (176,120);
INSERT INTO "entity" ("identity","layer") VALUES (177,6);
INSERT INTO "object" ("idobject","objtype","name") VALUES (177,1,'Точка25');
INSERT INTO "param" ("idparam","value") VALUES (121,0.348709);
INSERT INTO "objparam" ("idobject","idparam") VALUES (177,121);
INSERT INTO "param" ("idparam","value") VALUES (122,0.441269);
INSERT INTO "objparam" ("idobject","idparam") VALUES (177,122);
INSERT INTO "entity" ("identity","layer") VALUES (178,6);
INSERT INTO "object" ("idobject", "objtype","name")  VALUES (178,2,'Отрезок9');
UPDATE "object" SET "idparent" = 178 WHERE "idobject" = 177;
UPDATE "object" SET "idparent" = 178 WHERE "idobject" = 176;
INSERT INTO "entity" ("identity","layer") VALUES (181,6);
INSERT INTO "object" ("idobject","objtype","name") VALUES (181,1,'Точка26');
INSERT INTO "param" ("idparam","value") VALUES (123,0.348709);
INSERT INTO "objparam" ("idobject","idparam") VALUES (181,123);
INSERT INTO "param" ("idparam","value") VALUES (124,0.441269);
INSERT INTO "objparam" ("idobject","idparam") VALUES (181,124);
INSERT INTO "entity" ("identity","layer") VALUES (182,6);
INSERT INTO "object" ("idobject","objtype","name") VALUES (182,1,'Точка27');
INSERT INTO "param" ("idparam","value") VALUES (125,0.333811);
INSERT INTO "objparam" ("idobject","idparam") VALUES (182,125);
INSERT INTO "param" ("idparam","value") VALUES (126,0.445722);
INSERT INTO "objparam" ("idobject","idparam") VALUES (182,126);
INSERT INTO "entity" ("identity","layer") VALUES (183,6);
INSERT INTO "object" ("idobject", "objtype","name")  VALUES (183,2,'Отрезок10');
UPDATE "object" SET "idparent" = 183 WHERE "idobject" = 182;
UPDATE "object" SET "idparent" = 183 WHERE "idobject" = 181;
INSERT INTO "entity" ("identity","layer") VALUES (186,6);
INSERT INTO "object" ("idobject","objtype","name") VALUES (186,1,'Точка28');
INSERT INTO "param" ("idparam","value") VALUES (127,0.333811);
INSERT INTO "objparam" ("idobject","idparam") VALUES (186,127);
INSERT INTO "param" ("idparam","value") VALUES (128,0.445722);
INSERT INTO "objparam" ("idobject","idparam") VALUES (186,128);
INSERT INTO "entity" ("identity","layer") VALUES (187,6);
INSERT INTO "object" ("idobject","objtype","name") VALUES (187,1,'Точка29');
INSERT INTO "param" ("idparam","value") VALUES (129,0.267191);
INSERT INTO "objparam" ("idobject","idparam") VALUES (187,129);
INSERT INTO "param" ("idparam","value") VALUES (130,0.223674);
INSERT INTO "objparam" ("idobject","idparam") VALUES (187,130);
INSERT INTO "entity" ("identity","layer") VALUES (188,6);
INSERT INTO "object" ("idobject", "objtype","name")  VALUES (188,2,'Отрезок11');
UPDATE "object" SET "idparent" = 188 WHERE "idobject" = 187;
UPDATE "object" SET "idparent" = 188 WHERE "idobject" = 186;
INSERT INTO "entity" ("identity","layer") VALUES (195,6);
INSERT INTO "object" ("idobject","objtype","name") VALUES (195,1,'Точка1');
INSERT INTO "param" ("idparam","value") VALUES (131,-0.11899);
INSERT INTO "objparam" ("idobject","idparam") VALUES (195,131);
INSERT INTO "param" ("idparam","value") VALUES (132,0.470111);
INSERT INTO "objparam" ("idobject","idparam") VALUES (195,132);
INSERT INTO "entity" ("identity","layer") VALUES (196,6);
INSERT INTO "object" ("idobject","objtype","name") VALUES (196,1,'Точка2');
INSERT INTO "param" ("idparam","value") VALUES (133,0.25396);
INSERT INTO "objparam" ("idobject","idparam") VALUES (196,133);
INSERT INTO "param" ("idparam","value") VALUES (134,0.204222);
INSERT INTO "objparam" ("idobject","idparam") VALUES (196,134);
INSERT INTO "entity" ("identity","layer") VALUES (197,6);
INSERT INTO "object" ("idobject", "objtype","name")  VALUES (197,2,'Отрезок1');
UPDATE "object" SET "idparent" = 197 WHERE "idobject" = 196;
UPDATE "object" SET "idparent" = 197 WHERE "idobject" = 195;
INSERT INTO "entity" ("identity","layer") VALUES (200,6);
INSERT INTO "object" ("idobject","objtype","name") VALUES (200,1,'Точка3');
INSERT INTO "param" ("idparam","value") VALUES (135,-0.109028);
INSERT INTO "objparam" ("idobject","idparam") VALUES (200,135);
INSERT INTO "param" ("idparam","value") VALUES (136,0.494899);
INSERT INTO "objparam" ("idobject","idparam") VALUES (200,136);
INSERT INTO "entity" ("identity","layer") VALUES (201,6);
INSERT INTO "object" ("idobject","objtype","name") VALUES (201,1,'Точка4');
INSERT INTO "param" ("idparam","value") VALUES (137,0.259095);
INSERT INTO "objparam" ("idobject","idparam") VALUES (201,137);
INSERT INTO "param" ("idparam","value") VALUES (138,0.220207);
INSERT INTO "objparam" ("idobject","idparam") VALUES (201,138);
INSERT INTO "layer" ("idlayer") VALUES (7);
INSERT INTO "entity" ("identity","layer") VALUES (202,7);
INSERT INTO "object" ("idobject", "objtype","name")  VALUES (202,2,'Отрезок2');
UPDATE "object" SET "idparent" = 202 WHERE "idobject" = 201;
UPDATE "object" SET "idparent" = 202 WHERE "idobject" = 200;
INSERT INTO "entity" ("identity","layer") VALUES (205,7);
INSERT INTO "object" ("idobject","objtype","name") VALUES (205,1,'Точка5');
INSERT INTO "param" ("idparam","value") VALUES (139,-0.0810421);
INSERT INTO "objparam" ("idobject","idparam") VALUES (205,139);
INSERT INTO "param" ("idparam","value") VALUES (140,0.564536);
INSERT INTO "objparam" ("idobject","idparam") VALUES (205,140);
INSERT INTO "entity" ("identity","layer") VALUES (206,7);
INSERT INTO "object" ("idobject","objtype","name") VALUES (206,1,'Точка6');
INSERT INTO "param" ("idparam","value") VALUES (141,0.317581);
INSERT INTO "objparam" ("idobject","idparam") VALUES (206,141);
INSERT INTO "param" ("idparam","value") VALUES (142,0.391627);
INSERT INTO "objparam" ("idobject","idparam") VALUES (206,142);
INSERT INTO "entity" ("identity","layer") VALUES (207,7);
INSERT INTO "object" ("idobject", "objtype","name")  VALUES (207,2,'Отрезок3');
UPDATE "object" SET "idparent" = 207 WHERE "idobject" = 206;
UPDATE "object" SET "idparent" = 207 WHERE "idobject" = 205;
INSERT INTO "entity" ("identity","layer") VALUES (210,7);
INSERT INTO "object" ("idobject","objtype","name") VALUES (210,1,'Точка7');
INSERT INTO "param" ("idparam","value") VALUES (143,-0.0731819);
INSERT INTO "objparam" ("idobject","idparam") VALUES (210,143);
INSERT INTO "param" ("idparam","value") VALUES (144,0.584094);
INSERT INTO "objparam" ("idobject","idparam") VALUES (210,144);
INSERT INTO "entity" ("identity","layer") VALUES (211,7);
INSERT INTO "object" ("idobject","objtype","name") VALUES (211,1,'Точка8');
INSERT INTO "param" ("idparam","value") VALUES (145,0.323671);
INSERT INTO "objparam" ("idobject","idparam") VALUES (211,145);
INSERT INTO "param" ("idparam","value") VALUES (146,0.411922);
INSERT INTO "objparam" ("idobject","idparam") VALUES (211,146);
INSERT INTO "entity" ("identity","layer") VALUES (212,7);
INSERT INTO "object" ("idobject", "objtype","name")  VALUES (212,2,'Отрезок4');
UPDATE "object" SET "idparent" = 212 WHERE "idobject" = 211;
UPDATE "object" SET "idparent" = 212 WHERE "idobject" = 210;
INSERT INTO "entity" ("identity","layer") VALUES (215,7);
INSERT INTO "object" ("idobject","objtype","name") VALUES (215,1,'Точка9');
INSERT INTO "param" ("idparam","value") VALUES (147,0.283047);
INSERT INTO "objparam" ("idobject","idparam") VALUES (215,147);
INSERT INTO "param" ("idparam","value") VALUES (148,0.201393);
INSERT INTO "objparam" ("idobject","idparam") VALUES (215,148);
INSERT INTO "entity" ("identity","layer") VALUES (216,7);
INSERT INTO "object" ("idobject","objtype","name") VALUES (216,1,'Точка10');
INSERT INTO "param" ("idparam","value") VALUES (149,0.632735);
INSERT INTO "objparam" ("idobject","idparam") VALUES (216,149);
INSERT INTO "param" ("idparam","value") VALUES (150,0.239659);
INSERT INTO "objparam" ("idobject","idparam") VALUES (216,150);
INSERT INTO "entity" ("identity","layer") VALUES (217,7);
INSERT INTO "object" ("idobject", "objtype","name")  VALUES (217,2,'Отрезок5');
UPDATE "object" SET "idparent" = 217 WHERE "idobject" = 216;
UPDATE "object" SET "idparent" = 217 WHERE "idobject" = 215;
INSERT INTO "entity" ("identity","layer") VALUES (219,7);
INSERT INTO "object" ("idobject","objtype","name") VALUES (219,1,'Точка11');
INSERT INTO "param" ("idparam","value") VALUES (151,0.28398);
INSERT INTO "objparam" ("idobject","idparam") VALUES (219,151);
INSERT INTO "param" ("idparam","value") VALUES (152,0.212593);
INSERT INTO "objparam" ("idobject","idparam") VALUES (219,152);
INSERT INTO "entity" ("identity","layer") VALUES (220,7);
INSERT INTO "object" ("idobject","objtype","name") VALUES (220,1,'Точка12');
INSERT INTO "param" ("idparam","value") VALUES (153,0.603991);
INSERT INTO "objparam" ("idobject","idparam") VALUES (220,153);
INSERT INTO "param" ("idparam","value") VALUES (154,0.24454);
INSERT INTO "objparam" ("idobject","idparam") VALUES (220,154);
INSERT INTO "entity" ("identity","layer") VALUES (221,7);
INSERT INTO "object" ("idobject", "objtype","name")  VALUES (221,2,'Отрезок6');
UPDATE "object" SET "idparent" = 221 WHERE "idobject" = 220;
UPDATE "object" SET "idparent" = 221 WHERE "idobject" = 219;
INSERT INTO "entity" ("identity","layer") VALUES (223,7);
INSERT INTO "object" ("idobject","objtype","name") VALUES (223,1,'Точка13');
INSERT INTO "param" ("idparam","value") VALUES (155,0.603991);
INSERT INTO "objparam" ("idobject","idparam") VALUES (223,155);
INSERT INTO "param" ("idparam","value") VALUES (156,0.24454);
INSERT INTO "objparam" ("idobject","idparam") VALUES (223,156);
INSERT INTO "entity" ("identity","layer") VALUES (224,7);
INSERT INTO "object" ("idobject","objtype","name") VALUES (224,1,'Точка14');
INSERT INTO "param" ("idparam","value") VALUES (157,0.330684);
INSERT INTO "objparam" ("idobject","idparam") VALUES (224,157);
INSERT INTO "param" ("idparam","value") VALUES (158,0.381189);
INSERT INTO "objparam" ("idobject","idparam") VALUES (224,158);
INSERT INTO "entity" ("identity","layer") VALUES (225,7);
INSERT INTO "object" ("idobject", "objtype","name")  VALUES (225,2,'Отрезок7');
UPDATE "object" SET "idparent" = 225 WHERE "idobject" = 224;
UPDATE "object" SET "idparent" = 225 WHERE "idobject" = 223;
INSERT INTO "entity" ("identity","layer") VALUES (228,7);
INSERT INTO "object" ("idobject","objtype","name") VALUES (228,1,'Точка15');
INSERT INTO "param" ("idparam","value") VALUES (159,0.337708);
INSERT INTO "objparam" ("idobject","idparam") VALUES (228,159);
INSERT INTO "param" ("idparam","value") VALUES (160,0.404602);
INSERT INTO "objparam" ("idobject","idparam") VALUES (228,160);
INSERT INTO "entity" ("identity","layer") VALUES (229,7);
INSERT INTO "object" ("idobject","objtype","name") VALUES (229,1,'Точка16');
INSERT INTO "param" ("idparam","value") VALUES (161,0.621996);
INSERT INTO "objparam" ("idobject","idparam") VALUES (229,161);
INSERT INTO "param" ("idparam","value") VALUES (162,0.253754);
INSERT INTO "objparam" ("idobject","idparam") VALUES (229,162);
INSERT INTO "entity" ("identity","layer") VALUES (230,7);
INSERT INTO "object" ("idobject", "objtype","name")  VALUES (230,2,'Отрезок8');
UPDATE "object" SET "idparent" = 230 WHERE "idobject" = 229;
UPDATE "object" SET "idparent" = 230 WHERE "idobject" = 228;
INSERT INTO "entity" ("identity","layer") VALUES (232,7);
INSERT INTO "object" ("idobject","objtype","name") VALUES (232,1,'Точка17');
INSERT INTO "param" ("idparam","value") VALUES (163,0.633735);
INSERT INTO "objparam" ("idobject","idparam") VALUES (232,163);
INSERT INTO "param" ("idparam","value") VALUES (164,0.240577);
INSERT INTO "objparam" ("idobject","idparam") VALUES (232,164);
INSERT INTO "layer" ("idlayer") VALUES (8);
INSERT INTO "entity" ("identity","layer") VALUES (233,8);
INSERT INTO "object" ("idobject","objtype","name") VALUES (233,1,'Точка18');
INSERT INTO "param" ("idparam","value") VALUES (165,0.635076);
INSERT INTO "objparam" ("idobject","idparam") VALUES (233,165);
INSERT INTO "param" ("idparam","value") VALUES (166,0.240789);
INSERT INTO "objparam" ("idobject","idparam") VALUES (233,166);
INSERT INTO "entity" ("identity","layer") VALUES (234,8);
INSERT INTO "object" ("idobject","objtype","name") VALUES (234,1,'Точка19');
INSERT INTO "param" ("idparam","value") VALUES (167,0.632735);
INSERT INTO "objparam" ("idobject","idparam") VALUES (234,167);
INSERT INTO "param" ("idparam","value") VALUES (168,0.239659);
INSERT INTO "objparam" ("idobject","idparam") VALUES (234,168);
INSERT INTO "entity" ("identity","layer") VALUES (235,8);
INSERT INTO "object" ("idobject", "objtype","name")  VALUES (235,4,'Дуга1');
UPDATE "object" SET "idparent" = 235 WHERE "idobject" = 234;
UPDATE "object" SET "idparent" = 235 WHERE "idobject" = 233;
UPDATE "object" SET "idparent" = 235 WHERE "idobject" = 232;
INSERT INTO "entity" ("identity","layer") VALUES (239,8);
INSERT INTO "object" ("idobject","objtype","name") VALUES (239,1,'Точка20');
INSERT INTO "param" ("idparam","value") VALUES (169,0.633735);
INSERT INTO "objparam" ("idobject","idparam") VALUES (239,169);
INSERT INTO "param" ("idparam","value") VALUES (170,0.240577);
INSERT INTO "objparam" ("idobject","idparam") VALUES (239,170);
INSERT INTO "entity" ("identity","layer") VALUES (240,8);
INSERT INTO "object" ("idobject","objtype","name") VALUES (240,1,'Точка21');
INSERT INTO "param" ("idparam","value") VALUES (171,0.634046);
INSERT INTO "objparam" ("idobject","idparam") VALUES (240,171);
INSERT INTO "param" ("idparam","value") VALUES (172,0.222932);
INSERT INTO "objparam" ("idobject","idparam") VALUES (240,172);
INSERT INTO "entity" ("identity","layer") VALUES (241,8);
INSERT INTO "object" ("idobject","objtype","name") VALUES (241,1,'Точка22');
INSERT INTO "param" ("idparam","value") VALUES (173,0.621996);
INSERT INTO "objparam" ("idobject","idparam") VALUES (241,173);
INSERT INTO "param" ("idparam","value") VALUES (174,0.253754);
INSERT INTO "objparam" ("idobject","idparam") VALUES (241,174);
INSERT INTO "entity" ("identity","layer") VALUES (242,8);
INSERT INTO "object" ("idobject", "objtype","name")  VALUES (242,4,'Дуга2');
UPDATE "object" SET "idparent" = 242 WHERE "idobject" = 241;
UPDATE "object" SET "idparent" = 242 WHERE "idobject" = 240;
UPDATE "object" SET "idparent" = 242 WHERE "idobject" = 239;
INSERT INTO "entity" ("identity","layer") VALUES (244,8);
INSERT INTO "object" ("idobject","objtype","name") VALUES (244,1,'Точка23');
INSERT INTO "param" ("idparam","value") VALUES (175,0.635076);
INSERT INTO "objparam" ("idobject","idparam") VALUES (244,175);
INSERT INTO "param" ("idparam","value") VALUES (176,0.240789);
INSERT INTO "objparam" ("idobject","idparam") VALUES (244,176);
INSERT INTO "entity" ("identity","layer") VALUES (245,8);
INSERT INTO "object" ("idobject","objtype","name") VALUES (245,1,'Точка24');
INSERT INTO "param" ("idparam","value") VALUES (177,0.634046);
INSERT INTO "objparam" ("idobject","idparam") VALUES (245,177);
INSERT INTO "param" ("idparam","value") VALUES (178,0.222932);
INSERT INTO "objparam" ("idobject","idparam") VALUES (245,178);
INSERT INTO "entity" ("identity","layer") VALUES (246,8);
INSERT INTO "object" ("idobject", "objtype","name")  VALUES (246,2,'Отрезок9');
UPDATE "object" SET "idparent" = 246 WHERE "idobject" = 245;
UPDATE "object" SET "idparent" = 246 WHERE "idobject" = 244;
INSERT INTO "entity" ("identity","layer") VALUES (8,8);
INSERT INTO "constraint" ("idconstraint","constrtype") VALUES (8,1);
INSERT INTO "constrinfo" ("idconstraint","idobject") VALUES (8,5);
INSERT INTO "constrinfo" ("idconstraint","idobject") VALUES (8,7);
INSERT INTO "entity" ("identity","layer") VALUES (15,8);
INSERT INTO "constraint" ("idconstraint","constrtype") VALUES (15,9);
INSERT INTO "constrinfo" ("idconstraint","idobject") VALUES (15,4);
INSERT INTO "constrinfo" ("idconstraint","idobject") VALUES (15,12);
INSERT INTO "entity" ("identity","layer") VALUES (17,8);
INSERT INTO "constraint" ("idconstraint","constrtype") VALUES (17,2);
INSERT INTO "constrinfo" ("idconstraint","idobject") VALUES (17,14);
INSERT INTO "entity" ("identity","layer") VALUES (21,8);
INSERT INTO "constraint" ("idconstraint","constrtype") VALUES (21,9);
INSERT INTO "constrinfo" ("idconstraint","idobject") VALUES (21,6);
INSERT INTO "constrinfo" ("idconstraint","idobject") VALUES (21,18);
INSERT INTO "entity" ("identity","layer") VALUES (23,8);
INSERT INTO "constraint" ("idconstraint","constrtype") VALUES (23,2);
INSERT INTO "constrinfo" ("idconstraint","idobject") VALUES (23,20);
INSERT INTO "entity" ("identity","layer") VALUES (30,8);
INSERT INTO "constraint" ("idconstraint","constrtype") VALUES (30,9);
INSERT INTO "constrinfo" ("idconstraint","idobject") VALUES (30,25);
INSERT INTO "constrinfo" ("idconstraint","idobject") VALUES (30,27);
INSERT INTO "entity" ("identity","layer") VALUES (34,8);
INSERT INTO "constraint" ("idconstraint","constrtype") VALUES (34,9);
INSERT INTO "constrinfo" ("idconstraint","idobject") VALUES (34,28);
INSERT INTO "constrinfo" ("idconstraint","idobject") VALUES (34,31);
INSERT INTO "entity" ("identity","layer") VALUES (38,8);
INSERT INTO "constraint" ("idconstraint","constrtype") VALUES (38,9);
INSERT INTO "constrinfo" ("idconstraint","idobject") VALUES (38,32);
INSERT INTO "constrinfo" ("idconstraint","idobject") VALUES (38,35);
INSERT INTO "entity" ("identity","layer") VALUES (39,8);
INSERT INTO "constraint" ("idconstraint","constrtype") VALUES (39,9);
INSERT INTO "constrinfo" ("idconstraint","idobject") VALUES (39,24);
INSERT INTO "constrinfo" ("idconstraint","idobject") VALUES (39,36);
INSERT INTO "entity" ("identity","layer") VALUES (45,8);
INSERT INTO "constraint" ("idconstraint","constrtype") VALUES (45,6);
INSERT INTO "constrinfo" ("idconstraint","idobject") VALUES (45,26);
INSERT INTO "constrinfo" ("idconstraint","idobject") VALUES (45,33);
INSERT INTO "entity" ("identity","layer") VALUES (46,8);
INSERT INTO "constraint" ("idconstraint","constrtype") VALUES (46,7);
INSERT INTO "constrinfo" ("idconstraint","idobject") VALUES (46,33);
INSERT INTO "constrinfo" ("idconstraint","idobject") VALUES (46,37);
INSERT INTO "entity" ("identity","layer") VALUES (47,8);
INSERT INTO "constraint" ("idconstraint","constrtype") VALUES (47,7);
INSERT INTO "constrinfo" ("idconstraint","idobject") VALUES (47,26);
INSERT INTO "constrinfo" ("idconstraint","idobject") VALUES (47,29);
INSERT INTO "entity" ("identity","layer") VALUES (67,8);
INSERT INTO "constraint" ("idconstraint","constrtype") VALUES (67,9);
INSERT INTO "constrinfo" ("idconstraint","idobject") VALUES (67,6);
INSERT INTO "constrinfo" ("idconstraint","idobject") VALUES (67,64);
INSERT INTO "entity" ("identity","layer") VALUES (71,8);
INSERT INTO "constraint" ("idconstraint","constrtype") VALUES (71,9);
INSERT INTO "constrinfo" ("idconstraint","idobject") VALUES (71,6);
INSERT INTO "constrinfo" ("idconstraint","idobject") VALUES (71,68);
INSERT INTO "entity" ("identity","layer") VALUES (79,8);
INSERT INTO "constraint" ("idconstraint","constrtype") VALUES (79,9);
INSERT INTO "constrinfo" ("idconstraint","idobject") VALUES (79,37);
INSERT INTO "constrinfo" ("idconstraint","idobject") VALUES (79,76);
INSERT INTO "entity" ("identity","layer") VALUES (80,8);
INSERT INTO "constraint" ("idconstraint","constrtype") VALUES (80,10);
INSERT INTO "constrinfo" ("idconstraint","idobject") VALUES (80,37);
INSERT INTO "constrinfo" ("idconstraint","idobject") VALUES (80,76);
INSERT INTO "entity" ("identity","layer") VALUES (81,8);
INSERT INTO "constraint" ("idconstraint","constrtype") VALUES (81,6);
INSERT INTO "constrinfo" ("idconstraint","idobject") VALUES (81,33);
INSERT INTO "constrinfo" ("idconstraint","idobject") VALUES (81,78);
INSERT INTO "entity" ("identity","layer") VALUES (83,8);
INSERT INTO "constraint" ("idconstraint","constrtype") VALUES (83,9);
INSERT INTO "constrinfo" ("idconstraint","idobject") VALUES (83,50);
INSERT INTO "constrinfo" ("idconstraint","idobject") VALUES (83,78);
INSERT INTO "entity" ("identity","layer") VALUES (84,8);
INSERT INTO "constraint" ("idconstraint","constrtype") VALUES (84,9);
INSERT INTO "constrinfo" ("idconstraint","idobject") VALUES (84,59);
INSERT INTO "constrinfo" ("idconstraint","idobject") VALUES (84,78);
INSERT INTO "entity" ("identity","layer") VALUES (88,8);
INSERT INTO "constraint" ("idconstraint","constrtype") VALUES (88,9);
INSERT INTO "constrinfo" ("idconstraint","idobject") VALUES (88,78);
INSERT INTO "constrinfo" ("idconstraint","idobject") VALUES (88,85);
INSERT INTO "entity" ("identity","layer") VALUES (100,8);
INSERT INTO "constraint" ("idconstraint","constrtype") VALUES (100,15);
INSERT INTO "constrinfo" ("idconstraint","idobject") VALUES (100,99);
INSERT INTO "entity" ("identity","layer") VALUES (101,8);
INSERT INTO "constraint" ("idconstraint","constrtype") VALUES (101,9);
INSERT INTO "constrinfo" ("idconstraint","idobject") VALUES (101,86);
INSERT INTO "constrinfo" ("idconstraint","idobject") VALUES (101,97);
INSERT INTO "entity" ("identity","layer") VALUES (105,8);
INSERT INTO "constraint" ("idconstraint","constrtype") VALUES (105,8);
INSERT INTO "constrinfo" ("idconstraint","idobject") VALUES (105,5);
INSERT INTO "constrinfo" ("idconstraint","idobject") VALUES (105,104);
INSERT INTO "entity" ("identity","layer") VALUES (106,8);
INSERT INTO "constraint" ("idconstraint","constrtype") VALUES (106,9);
INSERT INTO "constrinfo" ("idconstraint","idobject") VALUES (106,13);
INSERT INTO "constrinfo" ("idconstraint","idobject") VALUES (106,104);
INSERT INTO "entity" ("identity","layer") VALUES (107,8);
INSERT INTO "constraint" ("idconstraint","constrtype") VALUES (107,9);
INSERT INTO "constrinfo" ("idconstraint","idobject") VALUES (107,77);
INSERT INTO "constrinfo" ("idconstraint","idobject") VALUES (107,104);
INSERT INTO "entity" ("identity","layer") VALUES (108,8);
INSERT INTO "constraint" ("idconstraint","constrtype") VALUES (108,8);
INSERT INTO "constrinfo" ("idconstraint","idobject") VALUES (108,7);
INSERT INTO "constrinfo" ("idconstraint","idobject") VALUES (108,104);
INSERT INTO "entity" ("identity","layer") VALUES (109,8);
INSERT INTO "constraint" ("idconstraint","constrtype") VALUES (109,9);
INSERT INTO "constrinfo" ("idconstraint","idobject") VALUES (109,19);
INSERT INTO "constrinfo" ("idconstraint","idobject") VALUES (109,104);
INSERT INTO "entity" ("identity","layer") VALUES (110,8);
INSERT INTO "constraint" ("idconstraint","constrtype") VALUES (110,3);
INSERT INTO "constrinfo" ("idconstraint","idobject") VALUES (110,104);
INSERT INTO "entity" ("identity","layer") VALUES (111,8);
INSERT INTO "constraint" ("idconstraint","constrtype") VALUES (111,8);
INSERT INTO "constrinfo" ("idconstraint","idobject") VALUES (111,87);
INSERT INTO "constrinfo" ("idconstraint","idobject") VALUES (111,99);
INSERT INTO "entity" ("identity","layer") VALUES (117,8);
INSERT INTO "constraint" ("idconstraint","constrtype") VALUES (117,9);
INSERT INTO "constrinfo" ("idconstraint","idobject") VALUES (117,4);
INSERT INTO "constrinfo" ("idconstraint","idobject") VALUES (117,115);
INSERT INTO "entity" ("identity","layer") VALUES (120,8);
INSERT INTO "constraint" ("idconstraint","constrtype") VALUES (120,9);
INSERT INTO "constrinfo" ("idconstraint","idobject") VALUES (120,6);
INSERT INTO "constrinfo" ("idconstraint","idobject") VALUES (120,118);
INSERT INTO "entity" ("identity","layer") VALUES (121,8);
INSERT INTO "constraint" ("idconstraint","constrtype") VALUES (121,1);
INSERT INTO "constrinfo" ("idconstraint","idobject") VALUES (121,116);
INSERT INTO "constrinfo" ("idconstraint","idobject") VALUES (121,119);
INSERT INTO "entity" ("identity","layer") VALUES (137,8);
INSERT INTO "constraint" ("idconstraint","constrtype") VALUES (137,15);
INSERT INTO "constrinfo" ("idconstraint","idobject") VALUES (137,136);
INSERT INTO "entity" ("identity","layer") VALUES (138,8);
INSERT INTO "constraint" ("idconstraint","constrtype") VALUES (138,9);
INSERT INTO "constrinfo" ("idconstraint","idobject") VALUES (138,123);
INSERT INTO "constrinfo" ("idconstraint","idobject") VALUES (138,134);
INSERT INTO "entity" ("identity","layer") VALUES (139,8);
INSERT INTO "constraint" ("idconstraint","constrtype") VALUES (139,9);
INSERT INTO "constrinfo" ("idconstraint","idobject") VALUES (139,126);
INSERT INTO "constrinfo" ("idconstraint","idobject") VALUES (139,135);
INSERT INTO "entity" ("identity","layer") VALUES (140,8);
INSERT INTO "constraint" ("idconstraint","constrtype") VALUES (140,8);
INSERT INTO "constrinfo" ("idconstraint","idobject") VALUES (140,124);
INSERT INTO "constrinfo" ("idconstraint","idobject") VALUES (140,136);
INSERT INTO "entity" ("identity","layer") VALUES (141,8);
INSERT INTO "constraint" ("idconstraint","constrtype") VALUES (141,8);
INSERT INTO "constrinfo" ("idconstraint","idobject") VALUES (141,127);
INSERT INTO "constrinfo" ("idconstraint","idobject") VALUES (141,136);
INSERT INTO "entity" ("identity","layer") VALUES (142,8);
INSERT INTO "constraint" ("idconstraint","constrtype") VALUES (142,9);
INSERT INTO "constrinfo" ("idconstraint","idobject") VALUES (142,115);
INSERT INTO "constrinfo" ("idconstraint","idobject") VALUES (142,133);
INSERT INTO "entity" ("identity","layer") VALUES (147,8);
INSERT INTO "constraint" ("idconstraint","constrtype") VALUES (147,15);
INSERT INTO "constrinfo" ("idconstraint","idobject") VALUES (147,146);
INSERT INTO "entity" ("identity","layer") VALUES (148,8);
INSERT INTO "constraint" ("idconstraint","constrtype") VALUES (148,9);
INSERT INTO "constrinfo" ("idconstraint","idobject") VALUES (148,125);
INSERT INTO "constrinfo" ("idconstraint","idobject") VALUES (148,144);
INSERT INTO "entity" ("identity","layer") VALUES (149,8);
INSERT INTO "constraint" ("idconstraint","constrtype") VALUES (149,9);
INSERT INTO "constrinfo" ("idconstraint","idobject") VALUES (149,122);
INSERT INTO "constrinfo" ("idconstraint","idobject") VALUES (149,145);
INSERT INTO "entity" ("identity","layer") VALUES (156,8);
INSERT INTO "constraint" ("idconstraint","constrtype") VALUES (156,7);
INSERT INTO "constrinfo" ("idconstraint","idobject") VALUES (156,152);
INSERT INTO "constrinfo" ("idconstraint","idobject") VALUES (156,155);
INSERT INTO "entity" ("identity","layer") VALUES (157,8);
INSERT INTO "constraint" ("idconstraint","constrtype") VALUES (157,9);
INSERT INTO "constrinfo" ("idconstraint","idobject") VALUES (157,151);
INSERT INTO "constrinfo" ("idconstraint","idobject") VALUES (157,153);
INSERT INTO "entity" ("identity","layer") VALUES (161,8);
INSERT INTO "constraint" ("idconstraint","constrtype") VALUES (161,6);
INSERT INTO "constrinfo" ("idconstraint","idobject") VALUES (161,152);
INSERT INTO "constrinfo" ("idconstraint","idobject") VALUES (161,160);
INSERT INTO "entity" ("identity","layer") VALUES (162,8);
INSERT INTO "constraint" ("idconstraint","constrtype") VALUES (162,9);
INSERT INTO "constrinfo" ("idconstraint","idobject") VALUES (162,154);
INSERT INTO "constrinfo" ("idconstraint","idobject") VALUES (162,158);
INSERT INTO "entity" ("identity","layer") VALUES (166,8);
INSERT INTO "constraint" ("idconstraint","constrtype") VALUES (166,6);
INSERT INTO "constrinfo" ("idconstraint","idobject") VALUES (166,155);
INSERT INTO "constrinfo" ("idconstraint","idobject") VALUES (166,165);
INSERT INTO "entity" ("identity","layer") VALUES (167,8);
INSERT INTO "constraint" ("idconstraint","constrtype") VALUES (167,9);
INSERT INTO "constrinfo" ("idconstraint","idobject") VALUES (167,159);
INSERT INTO "constrinfo" ("idconstraint","idobject") VALUES (167,163);
INSERT INTO "entity" ("identity","layer") VALUES (168,8);
INSERT INTO "constraint" ("idconstraint","constrtype") VALUES (168,9);
INSERT INTO "constrinfo" ("idconstraint","idobject") VALUES (168,150);
INSERT INTO "constrinfo" ("idconstraint","idobject") VALUES (168,164);
INSERT INTO "entity" ("identity","layer") VALUES (169,8);
INSERT INTO "constraint" ("idconstraint","constrtype") VALUES (169,6);
INSERT INTO "constrinfo" ("idconstraint","idobject") VALUES (169,29);
INSERT INTO "constrinfo" ("idconstraint","idobject") VALUES (169,152);
INSERT INTO "entity" ("identity","layer") VALUES (172,8);
INSERT INTO "constraint" ("idconstraint","constrtype") VALUES (172,9);
INSERT INTO "constrinfo" ("idconstraint","idobject") VALUES (172,4);
INSERT INTO "constrinfo" ("idconstraint","idobject") VALUES (172,170);
INSERT INTO "entity" ("identity","layer") VALUES (198,8);
INSERT INTO "constraint" ("idconstraint","constrtype") VALUES (198,9);
INSERT INTO "constrinfo" ("idconstraint","idobject") VALUES (198,33);
INSERT INTO "constrinfo" ("idconstraint","idobject") VALUES (198,195);
INSERT INTO "entity" ("identity","layer") VALUES (203,8);
INSERT INTO "constraint" ("idconstraint","constrtype") VALUES (203,9);
INSERT INTO "constrinfo" ("idconstraint","idobject") VALUES (203,33);
INSERT INTO "constrinfo" ("idconstraint","idobject") VALUES (203,200);
INSERT INTO "entity" ("identity","layer") VALUES (208,8);
INSERT INTO "constraint" ("idconstraint","constrtype") VALUES (208,9);
INSERT INTO "constrinfo" ("idconstraint","idobject") VALUES (208,33);
INSERT INTO "constrinfo" ("idconstraint","idobject") VALUES (208,205);
INSERT INTO "entity" ("identity","layer") VALUES (213,8);
INSERT INTO "constraint" ("idconstraint","constrtype") VALUES (213,9);
INSERT INTO "constrinfo" ("idconstraint","idobject") VALUES (213,33);
INSERT INTO "constrinfo" ("idconstraint","idobject") VALUES (213,210);
INSERT INTO "entity" ("identity","layer") VALUES (236,8);
INSERT INTO "constraint" ("idconstraint","constrtype") VALUES (236,15);
INSERT INTO "constrinfo" ("idconstraint","idobject") VALUES (236,235);
INSERT INTO "entity" ("identity","layer") VALUES (237,8);
INSERT INTO "constraint" ("idconstraint","constrtype") VALUES (237,9);
INSERT INTO "constrinfo" ("idconstraint","idobject") VALUES (237,216);
INSERT INTO "constrinfo" ("idconstraint","idobject") VALUES (237,234);
INSERT INTO "entity" ("identity","layer") VALUES (238,8);
INSERT INTO "constraint" ("idconstraint","constrtype") VALUES (238,9);
INSERT INTO "constrinfo" ("idconstraint","idobject") VALUES (238,118);
INSERT INTO "constrinfo" ("idconstraint","idobject") VALUES (238,232);
INSERT INTO "entity" ("identity","layer") VALUES (243,8);
INSERT INTO "constraint" ("idconstraint","constrtype") VALUES (243,15);
INSERT INTO "constrinfo" ("idconstraint","idobject") VALUES (243,242);
INSERT INTO "entity" ("identity","layer") VALUES (247,8);
INSERT INTO "constraint" ("idconstraint","constrtype") VALUES (247,9);
INSERT INTO "constrinfo" ("idconstraint","idobject") VALUES (247,233);
INSERT INTO "constrinfo" ("idconstraint","idobject") VALUES (247,244);
INSERT INTO "entity" ("identity","layer") VALUES (260,8);
INSERT INTO "constraint" ("idconstraint","constrtype") VALUES (260,9);
INSERT INTO "constrinfo" ("idconstraint","idobject") VALUES (260,232);
INSERT INTO "constrinfo" ("idconstraint","idobject") VALUES (260,239);
INSERT INTO "entity" ("identity","layer") VALUES (261,8);
INSERT INTO "constraint" ("idconstraint","constrtype") VALUES (261,9);
INSERT INTO "constrinfo" ("idconstraint","idobject") VALUES (261,229);
INSERT INTO "constrinfo" ("idconstraint","idobject") VALUES (261,241);
INSERT INTO "entity" ("identity","layer") VALUES (280,8);
INSERT INTO "constraint" ("idconstraint","constrtype") VALUES (280,9);
INSERT INTO "constrinfo" ("idconstraint","idobject") VALUES (280,240);
INSERT INTO "constrinfo" ("idconstraint","idobject") VALUES (280,245);
INSERT INTO "entity" ("identity","layer") VALUES (226,8);
INSERT INTO "constraint" ("idconstraint","constrtype") VALUES (226,9);
INSERT INTO "constrinfo" ("idconstraint","idobject") VALUES (226,220);
INSERT INTO "constrinfo" ("idconstraint","idobject") VALUES (226,223);
INSERT INTO "entity" ("identity","layer") VALUES (57,8);
INSERT INTO "constraint" ("idconstraint","constrtype") VALUES (57,9);
INSERT INTO "constrinfo" ("idconstraint","idobject") VALUES (57,51);
INSERT INTO "constrinfo" ("idconstraint","idobject") VALUES (57,54);
INSERT INTO "entity" ("identity","layer") VALUES (61,8);
INSERT INTO "constraint" ("idconstraint","constrtype") VALUES (61,9);
INSERT INTO "constrinfo" ("idconstraint","idobject") VALUES (61,55);
INSERT INTO "constrinfo" ("idconstraint","idobject") VALUES (61,58);
INSERT INTO "entity" ("identity","layer") VALUES (66,8);
INSERT INTO "constraint" ("idconstraint","constrtype") VALUES (66,9);
INSERT INTO "constrinfo" ("idconstraint","idobject") VALUES (66,51);
INSERT INTO "constrinfo" ("idconstraint","idobject") VALUES (66,63);
INSERT INTO "entity" ("identity","layer") VALUES (72,8);
INSERT INTO "constraint" ("idconstraint","constrtype") VALUES (72,9);
INSERT INTO "constrinfo" ("idconstraint","idobject") VALUES (72,55);
INSERT INTO "constrinfo" ("idconstraint","idobject") VALUES (72,69);
INSERT INTO "entity" ("identity","layer") VALUES (75,8);
INSERT INTO "constraint" ("idconstraint","constrtype") VALUES (75,9);
INSERT INTO "constrinfo" ("idconstraint","idobject") VALUES (75,55);
INSERT INTO "constrinfo" ("idconstraint","idobject") VALUES (75,73);
INSERT INTO "entity" ("identity","layer") VALUES (114,8);
INSERT INTO "constraint" ("idconstraint","constrtype") VALUES (114,9);
INSERT INTO "constrinfo" ("idconstraint","idobject") VALUES (114,55);
INSERT INTO "constrinfo" ("idconstraint","idobject") VALUES (114,112);
INSERT INTO "entity" ("identity","layer") VALUES (185,8);
INSERT INTO "constraint" ("idconstraint","constrtype") VALUES (185,9);
INSERT INTO "constrinfo" ("idconstraint","idobject") VALUES (185,177);
INSERT INTO "constrinfo" ("idconstraint","idobject") VALUES (185,181);
INSERT INTO "entity" ("identity","layer") VALUES (189,8);
INSERT INTO "constraint" ("idconstraint","constrtype") VALUES (189,6);
INSERT INTO "constrinfo" ("idconstraint","idobject") VALUES (189,178);
INSERT INTO "constrinfo" ("idconstraint","idobject") VALUES (189,188);
INSERT INTO "entity" ("identity","layer") VALUES (190,8);
INSERT INTO "constraint" ("idconstraint","constrtype") VALUES (190,9);
INSERT INTO "constrinfo" ("idconstraint","idobject") VALUES (190,182);
INSERT INTO "constrinfo" ("idconstraint","idobject") VALUES (190,186);
INSERT INTO "entity" ("identity","layer") VALUES (192,8);
INSERT INTO "constraint" ("idconstraint","constrtype") VALUES (192,6);
INSERT INTO "constrinfo" ("idconstraint","idobject") VALUES (192,56);
INSERT INTO "constrinfo" ("idconstraint","idobject") VALUES (192,188);
INSERT INTO "entity" ("identity","layer") VALUES (193,8);
INSERT INTO "constraint" ("idconstraint","constrtype") VALUES (193,9);
INSERT INTO "constrinfo" ("idconstraint","idobject") VALUES (193,74);
INSERT INTO "constrinfo" ("idconstraint","idobject") VALUES (193,187);
INSERT INTO "entity" ("identity","layer") VALUES (194,8);
INSERT INTO "constraint" ("idconstraint","constrtype") VALUES (194,9);
INSERT INTO "constrinfo" ("idconstraint","idobject") VALUES (194,74);
INSERT INTO "constrinfo" ("idconstraint","idobject") VALUES (194,176);
INSERT INTO "entity" ("identity","layer") VALUES (199,8);
INSERT INTO "constraint" ("idconstraint","constrtype") VALUES (199,9);
INSERT INTO "constrinfo" ("idconstraint","idobject") VALUES (199,74);
INSERT INTO "constrinfo" ("idconstraint","idobject") VALUES (199,196);
INSERT INTO "entity" ("identity","layer") VALUES (204,8);
INSERT INTO "constraint" ("idconstraint","constrtype") VALUES (204,9);
INSERT INTO "constrinfo" ("idconstraint","idobject") VALUES (204,74);
INSERT INTO "constrinfo" ("idconstraint","idobject") VALUES (204,201);
INSERT INTO "entity" ("identity","layer") VALUES (209,8);
INSERT INTO "constraint" ("idconstraint","constrtype") VALUES (209,9);
INSERT INTO "constrinfo" ("idconstraint","idobject") VALUES (209,188);
INSERT INTO "constrinfo" ("idconstraint","idobject") VALUES (209,206);
INSERT INTO "entity" ("identity","layer") VALUES (214,8);
INSERT INTO "constraint" ("idconstraint","constrtype") VALUES (214,9);
INSERT INTO "constrinfo" ("idconstraint","idobject") VALUES (214,188);
INSERT INTO "constrinfo" ("idconstraint","idobject") VALUES (214,211);
INSERT INTO "entity" ("identity","layer") VALUES (218,8);
INSERT INTO "constraint" ("idconstraint","constrtype") VALUES (218,9);
INSERT INTO "constrinfo" ("idconstraint","idobject") VALUES (218,74);
INSERT INTO "constrinfo" ("idconstraint","idobject") VALUES (218,215);
INSERT INTO "entity" ("identity","layer") VALUES (222,8);
INSERT INTO "constraint" ("idconstraint","constrtype") VALUES (222,9);
INSERT INTO "constrinfo" ("idconstraint","idobject") VALUES (222,74);
INSERT INTO "constrinfo" ("idconstraint","idobject") VALUES (222,219);
INSERT INTO "entity" ("identity","layer") VALUES (227,8);
INSERT INTO "constraint" ("idconstraint","constrtype") VALUES (227,9);
INSERT INTO "constrinfo" ("idconstraint","idobject") VALUES (227,178);
INSERT INTO "constrinfo" ("idconstraint","idobject") VALUES (227,224);
INSERT INTO "entity" ("identity","layer") VALUES (231,8);
INSERT INTO "constraint" ("idconstraint","constrtype") VALUES (231,9);
INSERT INTO "constrinfo" ("idconstraint","idobject") VALUES (231,178);
INSERT INTO "constrinfo" ("idconstraint","idobject") VALUES (231,228);
